Frame Count,Start Time
0,New Text
1,2024-01-29 22:34:02.160
2,2024-01-29 22:34:04.109
3,2024-01-29 22:34:04.197
4,2024-01-29 22:34:04.248
5,2024-01-29 22:34:04.285
6,2024-01-29 22:34:04.314
7,2024-01-29 22:34:04.344
8,2024-01-29 22:34:04.373
9,2024-01-29 22:34:04.417
10,2024-01-29 22:34:04.444
11,2024-01-29 22:34:04.485
12,2024-01-29 22:34:04.514
13,2024-01-29 22:34:04.543
14,2024-01-29 22:34:04.586
15,2024-01-29 22:34:04.610
16,2024-01-29 22:34:04.642
17,2024-01-29 22:34:04.685
18,2024-01-29 22:34:04.711
19,2024-01-29 22:34:04.753
20,2024-01-29 22:34:04.781
21,2024-01-29 22:34:04.807
22,2024-01-29 22:34:04.850
23,2024-01-29 22:34:04.875
24,2024-01-29 22:34:04.921
25,2024-01-29 22:34:04.948
26,2024-01-29 22:34:04.990
27,2024-01-29 22:34:05.017
28,2024-01-29 22:34:05.044
29,2024-01-29 22:34:05.076
30,2024-01-29 22:34:05.127
31,2024-01-29 22:34:05.155
32,2024-01-29 22:34:05.179
33,2024-01-29 22:34:05.221
34,2024-01-29 22:34:05.250
35,2024-01-29 22:34:05.280
36,2024-01-29 22:34:05.324
37,2024-01-29 22:34:05.352
38,2024-01-29 22:34:05.377
39,2024-01-29 22:34:05.420
40,2024-01-29 22:34:05.446
41,2024-01-29 22:34:05.494
42,2024-01-29 22:34:05.516
43,2024-01-29 22:34:05.556
44,2024-01-29 22:34:05.581
45,2024-01-29 22:34:05.617
46,2024-01-29 22:34:05.642
47,2024-01-29 22:34:05.686
48,2024-01-29 22:34:05.710
49,2024-01-29 22:34:05.757
50,2024-01-29 22:34:05.786
51,2024-01-29 22:34:05.809
52,2024-01-29 22:34:05.856
53,2024-01-29 22:34:05.880
54,2024-01-29 22:34:05.914
55,2024-01-29 22:34:05.957
56,2024-01-29 22:34:05.983
57,2024-01-29 22:34:06.022
58,2024-01-29 22:34:06.045
59,2024-01-29 22:34:06.097
60,2024-01-29 22:34:06.119
61,2024-01-29 22:34:06.143
62,2024-01-29 22:34:06.190
63,2024-01-29 22:34:06.217
64,2024-01-29 22:34:06.255
65,2024-01-29 22:34:06.280
66,2024-01-29 22:34:06.310
67,2024-01-29 22:34:06.340
68,2024-01-29 22:34:06.385
69,2024-01-29 22:34:06.410
70,2024-01-29 22:34:06.452
71,2024-01-29 22:34:06.475
72,2024-01-29 22:34:06.529
73,2024-01-29 22:34:06.554
74,2024-01-29 22:34:06.578
75,2024-01-29 22:34:06.619
76,2024-01-29 22:34:06.645
77,2024-01-29 22:34:06.693
78,2024-01-29 22:34:06.726
79,2024-01-29 22:34:06.763
80,2024-01-29 22:34:06.791
81,2024-01-29 22:34:06.832
82,2024-01-29 22:34:06.859
83,2024-01-29 22:34:06.888
84,2024-01-29 22:34:06.931
85,2024-01-29 22:34:06.966
86,2024-01-29 22:34:06.991
87,2024-01-29 22:34:07.033
88,2024-01-29 22:34:07.061
89,2024-01-29 22:34:07.089
90,2024-01-29 22:34:07.135
91,2024-01-29 22:34:07.187
92,2024-01-29 22:34:07.214
93,2024-01-29 22:34:07.335
94,2024-01-29 22:34:07.367
95,2024-01-29 22:34:07.449
96,2024-01-29 22:34:07.486
97,2024-01-29 22:34:07.527
98,2024-01-29 22:34:07.557
99,2024-01-29 22:34:07.584
100,2024-01-29 22:34:07.618
101,2024-01-29 22:34:07.645
102,2024-01-29 22:34:07.687
103,2024-01-29 22:34:07.725
104,2024-01-29 22:34:07.755
105,2024-01-29 22:34:07.781
106,2024-01-29 22:34:07.810
107,2024-01-29 22:34:07.848
108,2024-01-29 22:34:07.895
109,2024-01-29 22:34:07.926
110,2024-01-29 22:34:07.949
111,2024-01-29 22:34:07.994
112,2024-01-29 22:34:08.026
113,2024-01-29 22:34:08.059
114,2024-01-29 22:34:08.090
115,2024-01-29 22:34:08.115
116,2024-01-29 22:34:08.159
117,2024-01-29 22:34:08.186
118,2024-01-29 22:34:08.228
119,2024-01-29 22:34:08.282
120,2024-01-29 22:34:08.335
121,2024-01-29 22:34:08.375
122,2024-01-29 22:34:08.410
123,2024-01-29 22:34:08.443
124,2024-01-29 22:34:08.481
125,2024-01-29 22:34:08.508
126,2024-01-29 22:34:08.549
127,2024-01-29 22:34:08.577
128,2024-01-29 22:34:08.603
129,2024-01-29 22:34:08.646
130,2024-01-29 22:34:08.685
131,2024-01-29 22:34:08.714
132,2024-01-29 22:34:08.742
133,2024-01-29 22:34:08.772
134,2024-01-29 22:34:08.822
135,2024-01-29 22:34:08.850
136,2024-01-29 22:34:08.893
137,2024-01-29 22:34:08.924
138,2024-01-29 22:34:08.962
139,2024-01-29 22:34:08.989
140,2024-01-29 22:34:09.024
141,2024-01-29 22:34:09.071
142,2024-01-29 22:34:09.099
143,2024-01-29 22:34:09.128
144,2024-01-29 22:34:09.155
145,2024-01-29 22:34:09.188
146,2024-01-29 22:34:09.221
147,2024-01-29 22:34:09.253
148,2024-01-29 22:34:09.296
149,2024-01-29 22:34:09.328
150,2024-01-29 22:34:09.362
151,2024-01-29 22:34:09.404
152,2024-01-29 22:34:09.434
153,2024-01-29 22:34:09.471
154,2024-01-29 22:34:14.012
155,2024-01-29 22:34:14.060
156,2024-01-29 22:34:14.088
157,2024-01-29 22:34:14.136
158,2024-01-29 22:34:14.165
159,2024-01-29 22:34:14.191
160,2024-01-29 22:34:14.220
161,2024-01-29 22:34:14.259
162,2024-01-29 22:34:14.305
163,2024-01-29 22:34:14.334
164,2024-01-29 22:34:14.362
165,2024-01-29 22:34:14.406
166,2024-01-29 22:34:14.432
167,2024-01-29 22:34:14.472
168,2024-01-29 22:34:14.502
169,2024-01-29 22:34:14.534
170,2024-01-29 22:34:14.568
171,2024-01-29 22:34:14.616
172,2024-01-29 22:34:14.644
173,2024-01-29 22:34:14.682
174,2024-01-29 22:34:14.711
175,2024-01-29 22:34:14.739
176,2024-01-29 22:34:14.775
177,2024-01-29 22:34:14.823
178,2024-01-29 22:34:14.851
179,2024-01-29 22:34:14.887
180,2024-01-29 22:34:14.919
181,2024-01-29 22:34:14.950
182,2024-01-29 22:34:14.982
183,2024-01-29 22:34:15.015
184,2024-01-29 22:34:15.046
185,2024-01-29 22:34:15.077
186,2024-01-29 22:34:15.121
187,2024-01-29 22:34:15.170
188,2024-01-29 22:34:15.197
189,2024-01-29 22:34:15.240
190,2024-01-29 22:34:15.267
191,2024-01-29 22:34:15.301
192,2024-01-29 22:34:15.340
193,2024-01-29 22:34:15.368
194,2024-01-29 22:34:15.413
195,2024-01-29 22:34:15.440
196,2024-01-29 22:34:15.467
197,2024-01-29 22:34:15.499
198,2024-01-29 22:34:15.544
199,2024-01-29 22:34:15.571
200,2024-01-29 22:34:15.608
201,2024-01-29 22:34:15.635
202,2024-01-29 22:34:15.677
203,2024-01-29 22:34:15.707
204,2024-01-29 22:34:15.740
205,2024-01-29 22:34:15.784
206,2024-01-29 22:34:15.812
207,2024-01-29 22:34:15.848
208,2024-01-29 22:34:15.893
209,2024-01-29 22:34:15.919
210,2024-01-29 22:34:15.948
211,2024-01-29 22:34:15.986
212,2024-01-29 22:34:16.033
213,2024-01-29 22:34:16.061
214,2024-01-29 22:34:16.092
215,2024-01-29 22:34:16.124
216,2024-01-29 22:34:16.152
217,2024-01-29 22:34:16.188
218,2024-01-29 22:34:16.238
219,2024-01-29 22:34:16.261
220,2024-01-29 22:34:16.289
221,2024-01-29 22:34:16.337
222,2024-01-29 22:34:16.361
223,2024-01-29 22:34:16.397
224,2024-01-29 22:34:16.438
225,2024-01-29 22:34:16.461
226,2024-01-29 22:34:16.490
227,2024-01-29 22:34:16.536
228,2024-01-29 22:34:16.565
229,2024-01-29 22:34:16.608
230,2024-01-29 22:34:16.649
231,2024-01-29 22:34:16.674
232,2024-01-29 22:34:16.717
233,2024-01-29 22:34:16.741
234,2024-01-29 22:34:16.771
235,2024-01-29 22:34:16.806
236,2024-01-29 22:34:16.855
237,2024-01-29 22:34:16.880
238,2024-01-29 22:34:16.908
239,2024-01-29 22:34:16.937
240,2024-01-29 22:34:16.990
241,2024-01-29 22:34:17.016
242,2024-01-29 22:34:17.045
243,2024-01-29 22:34:17.075
244,2024-01-29 22:34:17.118
245,2024-01-29 22:34:17.144
246,2024-01-29 22:34:17.172
247,2024-01-29 22:34:17.211
248,2024-01-29 22:34:17.257
249,2024-01-29 22:34:17.287
250,2024-01-29 22:34:17.358
251,2024-01-29 22:34:17.401
252,2024-01-29 22:34:17.479
253,2024-01-29 22:34:17.524
254,2024-01-29 22:34:17.560
255,2024-01-29 22:34:17.636
256,2024-01-29 22:34:17.678
257,2024-01-29 22:34:17.713
258,2024-01-29 22:34:17.751
259,2024-01-29 22:34:17.777
260,2024-01-29 22:34:17.821
261,2024-01-29 22:34:17.844
262,2024-01-29 22:34:17.876
263,2024-01-29 22:34:17.919
264,2024-01-29 22:34:17.943
265,2024-01-29 22:34:17.987
266,2024-01-29 22:34:18.010
267,2024-01-29 22:34:18.062
268,2024-01-29 22:34:18.086
269,2024-01-29 22:34:18.123
270,2024-01-29 22:34:18.144
271,2024-01-29 22:34:18.186
272,2024-01-29 22:34:18.210
273,2024-01-29 22:34:18.266
274,2024-01-29 22:34:18.292
275,2024-01-29 22:34:18.317
276,2024-01-29 22:34:18.345
277,2024-01-29 22:34:18.390
278,2024-01-29 22:34:18.413
279,2024-01-29 22:34:18.451
280,2024-01-29 22:34:18.481
281,2024-01-29 22:34:18.523
282,2024-01-29 22:34:18.546
283,2024-01-29 22:34:18.590
284,2024-01-29 22:34:18.612
285,2024-01-29 22:34:18.654
286,2024-01-29 22:34:18.686
287,2024-01-29 22:34:18.724
288,2024-01-29 22:34:18.790
289,2024-01-29 22:34:18.853
290,2024-01-29 22:34:18.891
291,2024-01-29 22:34:19.010
292,2024-01-29 22:34:19.055
293,2024-01-29 22:34:19.084
294,2024-01-29 22:34:19.112
295,2024-01-29 22:34:19.154
296,2024-01-29 22:34:19.190
297,2024-01-29 22:34:19.230
298,2024-01-29 22:34:19.280
299,2024-01-29 22:34:19.311
300,2024-01-29 22:34:19.348
301,2024-01-29 22:34:19.405
302,2024-01-29 22:34:19.432
303,2024-01-29 22:34:19.470
304,2024-01-29 22:34:19.509
305,2024-01-29 22:34:19.545
306,2024-01-29 22:34:19.580
307,2024-01-29 22:34:19.626
308,2024-01-29 22:34:19.671
309,2024-01-29 22:34:19.698
310,2024-01-29 22:34:19.727
311,2024-01-29 22:34:19.761
312,2024-01-29 22:34:19.804
313,2024-01-29 22:34:19.866
314,2024-01-29 22:34:19.919
315,2024-01-29 22:34:20.007
316,2024-01-29 22:34:20.062
317,2024-01-29 22:34:20.154
318,2024-01-29 22:34:20.203
319,2024-01-29 22:34:20.243
320,2024-01-29 22:34:20.290
321,2024-01-29 22:34:20.344
322,2024-01-29 22:34:20.382
323,2024-01-29 22:34:20.416
324,2024-01-29 22:34:20.448
325,2024-01-29 22:34:20.481
326,2024-01-29 22:34:20.522
327,2024-01-29 22:34:20.575
328,2024-01-29 22:34:20.612
329,2024-01-29 22:34:20.640
330,2024-01-29 22:34:20.686
331,2024-01-29 22:34:20.721
332,2024-01-29 22:34:20.767
333,2024-01-29 22:34:20.817
334,2024-01-29 22:34:20.848
335,2024-01-29 22:34:20.877
336,2024-01-29 22:34:20.912
337,2024-01-29 22:34:20.950
338,2024-01-29 22:34:20.989
339,2024-01-29 22:34:21.059
340,2024-01-29 22:34:21.107
341,2024-01-29 22:34:21.180
342,2024-01-29 22:34:21.227
343,2024-01-29 22:34:21.297
344,2024-01-29 22:34:21.327
345,2024-01-29 22:34:21.378
346,2024-01-29 22:34:21.415
347,2024-01-29 22:34:21.460
348,2024-01-29 22:34:21.512
349,2024-01-29 22:34:21.543
350,2024-01-29 22:34:21.572
351,2024-01-29 22:34:21.601
352,2024-01-29 22:34:21.649
353,2024-01-29 22:34:21.677
354,2024-01-29 22:34:21.717
355,2024-01-29 22:34:21.760
356,2024-01-29 22:34:21.790
357,2024-01-29 22:34:21.817
358,2024-01-29 22:34:21.845
359,2024-01-29 22:34:21.898
360,2024-01-29 22:34:21.926
361,2024-01-29 22:34:21.954
362,2024-01-29 22:34:21.977
363,2024-01-29 22:34:22.022
364,2024-01-29 22:34:22.047
365,2024-01-29 22:34:22.099
366,2024-01-29 22:34:22.125
367,2024-01-29 22:34:22.151
368,2024-01-29 22:34:22.181
369,2024-01-29 22:34:22.223
370,2024-01-29 22:34:22.254
371,2024-01-29 22:34:22.280
372,2024-01-29 22:34:22.329
373,2024-01-29 22:34:22.353
374,2024-01-29 22:34:22.381
375,2024-01-29 22:34:22.408
376,2024-01-29 22:34:22.462
377,2024-01-29 22:34:22.485
378,2024-01-29 22:34:22.511
379,2024-01-29 22:34:22.550
380,2024-01-29 22:34:22.596
381,2024-01-29 22:34:22.622
382,2024-01-29 22:34:22.661
383,2024-01-29 22:34:22.689
384,2024-01-29 22:34:22.739
385,2024-01-29 22:34:22.765
386,2024-01-29 22:34:22.793
387,2024-01-29 22:34:22.822
388,2024-01-29 22:34:22.850
389,2024-01-29 22:34:22.894
390,2024-01-29 22:34:22.925
391,2024-01-29 22:34:22.963
392,2024-01-29 22:34:22.993
393,2024-01-29 22:34:23.033
394,2024-01-29 22:34:23.060
395,2024-01-29 22:34:23.107
396,2024-01-29 22:34:23.135
397,2024-01-29 22:34:23.179
398,2024-01-29 22:34:23.205
399,2024-01-29 22:34:23.234
400,2024-01-29 22:34:23.282
401,2024-01-29 22:34:23.310
402,2024-01-29 22:34:23.341
403,2024-01-29 22:34:23.384
404,2024-01-29 22:34:23.428
405,2024-01-29 22:34:23.452
406,2024-01-29 22:34:23.498
407,2024-01-29 22:34:23.528
408,2024-01-29 22:34:23.553
409,2024-01-29 22:34:23.595
410,2024-01-29 22:34:23.645
411,2024-01-29 22:34:23.673
412,2024-01-29 22:34:23.702
413,2024-01-29 22:34:23.732
414,2024-01-29 22:34:23.761
415,2024-01-29 22:34:23.806
416,2024-01-29 22:34:23.848
417,2024-01-29 22:34:23.876
418,2024-01-29 22:34:23.914
419,2024-01-29 22:34:23.944
420,2024-01-29 22:34:23.994
421,2024-01-29 22:34:24.018
422,2024-01-29 22:34:24.048
423,2024-01-29 22:34:24.077
424,2024-01-29 22:34:24.121
425,2024-01-29 22:34:24.145
426,2024-01-29 22:34:24.177
427,2024-01-29 22:34:24.223
428,2024-01-29 22:34:24.259
429,2024-01-29 22:34:24.290
430,2024-01-29 22:34:24.331
431,2024-01-29 22:34:24.356
432,2024-01-29 22:34:24.401
433,2024-01-29 22:34:24.428
434,2024-01-29 22:34:24.454
435,2024-01-29 22:34:24.484
436,2024-01-29 22:34:24.528
437,2024-01-29 22:34:24.553
438,2024-01-29 22:34:24.617
439,2024-01-29 22:34:24.650
440,2024-01-29 22:34:24.684
441,2024-01-29 22:34:24.721
442,2024-01-29 22:34:24.770
443,2024-01-29 22:34:24.842
444,2024-01-29 22:34:24.921
445,2024-01-29 22:34:24.974
446,2024-01-29 22:34:25.017
447,2024-01-29 22:34:25.062
448,2024-01-29 22:34:25.107
449,2024-01-29 22:34:25.136
450,2024-01-29 22:34:25.164
451,2024-01-29 22:34:25.194
452,2024-01-29 22:34:25.226
453,2024-01-29 22:34:25.265
454,2024-01-29 22:34:25.335
455,2024-01-29 22:34:25.376
456,2024-01-29 22:34:25.409
457,2024-01-29 22:34:25.444
458,2024-01-29 22:34:25.482
459,2024-01-29 22:34:25.545
460,2024-01-29 22:34:25.580
461,2024-01-29 22:34:25.619
462,2024-01-29 22:34:25.648
463,2024-01-29 22:34:25.680
464,2024-01-29 22:34:25.716
465,2024-01-29 22:34:25.766
466,2024-01-29 22:34:25.797
467,2024-01-29 22:34:25.830
468,2024-01-29 22:34:25.887
469,2024-01-29 22:34:25.930
470,2024-01-29 22:34:25.982
471,2024-01-29 22:34:26.022
472,2024-01-29 22:34:26.050
473,2024-01-29 22:34:26.084
474,2024-01-29 22:34:26.117
475,2024-01-29 22:34:26.149
476,2024-01-29 22:34:26.198
477,2024-01-29 22:34:26.243
478,2024-01-29 22:34:26.276
479,2024-01-29 22:34:26.306
480,2024-01-29 22:34:26.339
481,2024-01-29 22:34:26.367
482,2024-01-29 22:34:26.411
483,2024-01-29 22:34:26.456
484,2024-01-29 22:34:26.485
485,2024-01-29 22:34:26.518
486,2024-01-29 22:34:26.548
487,2024-01-29 22:34:26.578
488,2024-01-29 22:34:26.628
489,2024-01-29 22:34:26.672
490,2024-01-29 22:34:26.699
491,2024-01-29 22:34:26.731
492,2024-01-29 22:34:26.769
493,2024-01-29 22:34:26.800
494,2024-01-29 22:34:26.850
495,2024-01-29 22:34:26.878
496,2024-01-29 22:34:26.925
497,2024-01-29 22:34:26.951
498,2024-01-29 22:34:26.979
499,2024-01-29 22:34:27.029
500,2024-01-29 22:34:27.052
501,2024-01-29 22:34:27.079
502,2024-01-29 22:34:27.122
503,2024-01-29 22:34:27.147
504,2024-01-29 22:34:27.185
505,2024-01-29 22:34:27.235
506,2024-01-29 22:34:27.262
507,2024-01-29 22:34:27.289
508,2024-01-29 22:34:27.316
509,2024-01-29 22:34:27.345
510,2024-01-29 22:34:27.396
511,2024-01-29 22:34:27.427
512,2024-01-29 22:34:27.498
513,2024-01-29 22:34:27.539
514,2024-01-29 22:34:27.573
515,2024-01-29 22:34:27.611
516,2024-01-29 22:34:27.652
517,2024-01-29 22:34:27.706
518,2024-01-29 22:34:27.738
519,2024-01-29 22:34:27.783
520,2024-01-29 22:34:27.811
521,2024-01-29 22:34:27.848
522,2024-01-29 22:34:27.903
523,2024-01-29 22:34:27.987
524,2024-01-29 22:34:28.032
525,2024-01-29 22:34:28.084
526,2024-01-29 22:34:28.128
527,2024-01-29 22:34:28.241
528,2024-01-29 22:34:28.307
529,2024-01-29 22:34:28.356
530,2024-01-29 22:34:28.441
531,2024-01-29 22:34:28.505
532,2024-01-29 22:34:28.553
533,2024-01-29 22:34:28.590
534,2024-01-29 22:34:28.651
535,2024-01-29 22:34:28.685
536,2024-01-29 22:34:28.722
537,2024-01-29 22:34:28.770
538,2024-01-29 22:34:28.809
539,2024-01-29 22:34:28.867
540,2024-01-29 22:34:28.900
541,2024-01-29 22:34:28.955
542,2024-01-29 22:34:29.021
543,2024-01-29 22:34:29.102
544,2024-01-29 22:34:29.138
545,2024-01-29 22:34:29.197
546,2024-01-29 22:34:29.236
547,2024-01-29 22:34:29.285
548,2024-01-29 22:34:29.317
549,2024-01-29 22:34:29.353
550,2024-01-29 22:34:29.384
551,2024-01-29 22:34:29.414
552,2024-01-29 22:34:29.466
553,2024-01-29 22:34:29.492
554,2024-01-29 22:34:29.521
555,2024-01-29 22:34:29.548
556,2024-01-29 22:34:29.587
557,2024-01-29 22:34:29.618
558,2024-01-29 22:34:29.667
559,2024-01-29 22:34:29.689
560,2024-01-29 22:34:29.714
561,2024-01-29 22:34:29.752
562,2024-01-29 22:34:29.785
563,2024-01-29 22:34:29.812
564,2024-01-29 22:34:29.855
565,2024-01-29 22:34:29.902
566,2024-01-29 22:34:29.933
567,2024-01-29 22:34:29.967
568,2024-01-29 22:34:30.000
569,2024-01-29 22:34:30.030
570,2024-01-29 22:34:30.086
571,2024-01-29 22:34:30.118
572,2024-01-29 22:34:30.150
573,2024-01-29 22:34:30.181
574,2024-01-29 22:34:30.212
575,2024-01-29 22:34:30.237
576,2024-01-29 22:34:30.280
577,2024-01-29 22:34:30.332
578,2024-01-29 22:34:30.365
579,2024-01-29 22:34:30.399
580,2024-01-29 22:34:30.467
581,2024-01-29 22:34:30.508
582,2024-01-29 22:34:30.591
583,2024-01-29 22:34:30.626
584,2024-01-29 22:34:30.673
585,2024-01-29 22:34:30.707
586,2024-01-29 22:34:30.742
587,2024-01-29 22:34:30.804
588,2024-01-29 22:34:30.842
589,2024-01-29 22:34:30.873
590,2024-01-29 22:34:30.904
591,2024-01-29 22:34:30.939
592,2024-01-29 22:34:30.987
593,2024-01-29 22:34:31.013
594,2024-01-29 22:34:31.041
595,2024-01-29 22:34:31.072
596,2024-01-29 22:34:31.102
597,2024-01-29 22:34:31.136
598,2024-01-29 22:34:31.169
599,2024-01-29 22:34:31.214
600,2024-01-29 22:34:31.254
601,2024-01-29 22:34:31.289
602,2024-01-29 22:34:31.321
603,2024-01-29 22:34:31.351
604,2024-01-29 22:34:31.389
605,2024-01-29 22:34:31.442
606,2024-01-29 22:34:31.475
607,2024-01-29 22:34:31.505
608,2024-01-29 22:34:31.540
609,2024-01-29 22:34:31.572
610,2024-01-29 22:34:31.604
611,2024-01-29 22:34:31.653
612,2024-01-29 22:34:31.706
613,2024-01-29 22:34:31.737
614,2024-01-29 22:34:31.771
615,2024-01-29 22:34:31.804
616,2024-01-29 22:34:31.837
617,2024-01-29 22:34:31.876
618,2024-01-29 22:34:31.910
619,2024-01-29 22:34:31.960
620,2024-01-29 22:34:31.999
621,2024-01-29 22:34:32.029
622,2024-01-29 22:34:32.066
623,2024-01-29 22:34:32.117
624,2024-01-29 22:34:32.144
625,2024-01-29 22:34:32.174
626,2024-01-29 22:34:32.214
627,2024-01-29 22:34:32.258
628,2024-01-29 22:34:32.282
629,2024-01-29 22:34:32.326
630,2024-01-29 22:34:32.371
631,2024-01-29 22:34:32.401
632,2024-01-29 22:34:32.436
633,2024-01-29 22:34:32.468
634,2024-01-29 22:34:32.510
635,2024-01-29 22:34:32.533
636,2024-01-29 22:34:32.570
637,2024-01-29 22:34:32.601
638,2024-01-29 22:34:32.628
639,2024-01-29 22:34:32.674
640,2024-01-29 22:34:32.699
641,2024-01-29 22:34:32.737
642,2024-01-29 22:34:32.774
643,2024-01-29 22:34:32.814
644,2024-01-29 22:34:32.837
645,2024-01-29 22:34:32.881
646,2024-01-29 22:34:32.903
647,2024-01-29 22:34:32.941
648,2024-01-29 22:34:32.989
649,2024-01-29 22:34:33.018
650,2024-01-29 22:34:33.042
651,2024-01-29 22:34:33.087
652,2024-01-29 22:34:33.109
653,2024-01-29 22:34:33.146
654,2024-01-29 22:34:33.192
655,2024-01-29 22:34:33.215
656,2024-01-29 22:34:33.254
657,2024-01-29 22:34:33.290
658,2024-01-29 22:34:33.314
659,2024-01-29 22:34:33.355
660,2024-01-29 22:34:33.401
661,2024-01-29 22:34:33.422
662,2024-01-29 22:34:33.461
663,2024-01-29 22:34:33.494
664,2024-01-29 22:34:33.519
665,2024-01-29 22:34:33.559
666,2024-01-29 22:34:33.603
667,2024-01-29 22:34:33.638
668,2024-01-29 22:34:33.669
669,2024-01-29 22:34:33.703
670,2024-01-29 22:34:33.746
671,2024-01-29 22:34:33.772
672,2024-01-29 22:34:33.796
673,2024-01-29 22:34:33.839
674,2024-01-29 22:34:33.861
675,2024-01-29 22:34:33.906
676,2024-01-29 22:34:33.929
677,2024-01-29 22:34:33.969
678,2024-01-29 22:34:33.995
679,2024-01-29 22:34:34.040
680,2024-01-29 22:34:34.073
681,2024-01-29 22:34:34.105
682,2024-01-29 22:34:34.156
683,2024-01-29 22:34:34.181
684,2024-01-29 22:34:34.206
685,2024-01-29 22:34:34.236
686,2024-01-29 22:34:34.268
687,2024-01-29 22:34:34.296
688,2024-01-29 22:34:34.358
689,2024-01-29 22:34:34.389
690,2024-01-29 22:34:34.421
691,2024-01-29 22:34:34.451
692,2024-01-29 22:34:34.480
693,2024-01-29 22:34:34.519
694,2024-01-29 22:34:34.551
695,2024-01-29 22:34:34.598
696,2024-01-29 22:34:34.626
697,2024-01-29 22:34:34.657
698,2024-01-29 22:34:34.688
699,2024-01-29 22:34:34.720
700,2024-01-29 22:34:34.753
701,2024-01-29 22:34:34.805
702,2024-01-29 22:34:34.836
703,2024-01-29 22:34:34.872
704,2024-01-29 22:34:34.905
705,2024-01-29 22:34:34.937
706,2024-01-29 22:34:34.995
707,2024-01-29 22:34:35.025
708,2024-01-29 22:34:35.056
709,2024-01-29 22:34:35.088
710,2024-01-29 22:34:35.114
711,2024-01-29 22:34:35.141
712,2024-01-29 22:34:35.194
713,2024-01-29 22:34:35.221
714,2024-01-29 22:34:35.247
715,2024-01-29 22:34:35.275
716,2024-01-29 22:34:35.323
717,2024-01-29 22:34:35.352
718,2024-01-29 22:34:35.379
719,2024-01-29 22:34:35.424
720,2024-01-29 22:34:35.459
721,2024-01-29 22:34:35.490
722,2024-01-29 22:34:35.521
723,2024-01-29 22:34:35.559
724,2024-01-29 22:34:35.589
725,2024-01-29 22:34:35.657
726,2024-01-29 22:34:35.689
727,2024-01-29 22:34:35.732
728,2024-01-29 22:34:35.763
729,2024-01-29 22:34:35.815
730,2024-01-29 22:34:35.897
731,2024-01-29 22:34:35.948
732,2024-01-29 22:34:36.006
733,2024-01-29 22:34:36.067
734,2024-01-29 22:34:36.128
735,2024-01-29 22:34:36.165
736,2024-01-29 22:34:36.200
737,2024-01-29 22:34:36.237
738,2024-01-29 22:34:36.272
739,2024-01-29 22:34:36.326
740,2024-01-29 22:34:36.356
741,2024-01-29 22:34:36.398
742,2024-01-29 22:34:36.428
743,2024-01-29 22:34:36.461
744,2024-01-29 22:34:36.495
745,2024-01-29 22:34:36.554
746,2024-01-29 22:34:36.594
747,2024-01-29 22:34:36.627
748,2024-01-29 22:34:36.671
749,2024-01-29 22:34:36.709
750,2024-01-29 22:34:36.770
751,2024-01-29 22:34:36.796
752,2024-01-29 22:34:36.833
753,2024-01-29 22:34:36.871
754,2024-01-29 22:34:36.904
755,2024-01-29 22:34:36.944
756,2024-01-29 22:34:36.998
757,2024-01-29 22:34:37.041
758,2024-01-29 22:34:37.079
759,2024-01-29 22:34:37.157
760,2024-01-29 22:34:37.224
761,2024-01-29 22:34:37.309
762,2024-01-29 22:34:37.339
763,2024-01-29 22:34:37.372
764,2024-01-29 22:34:37.409
765,2024-01-29 22:34:37.447
766,2024-01-29 22:34:37.505
767,2024-01-29 22:34:37.543
768,2024-01-29 22:34:37.582
769,2024-01-29 22:34:37.608
770,2024-01-29 22:34:37.644
771,2024-01-29 22:34:37.695
772,2024-01-29 22:34:37.723
773,2024-01-29 22:34:37.752
774,2024-01-29 22:34:37.782
775,2024-01-29 22:34:37.809
776,2024-01-29 22:34:37.839
777,2024-01-29 22:34:37.870
778,2024-01-29 22:34:37.928
779,2024-01-29 22:34:37.955
780,2024-01-29 22:34:37.983
781,2024-01-29 22:34:38.008
782,2024-01-29 22:34:38.037
783,2024-01-29 22:34:38.082
784,2024-01-29 22:34:38.108
785,2024-01-29 22:34:38.150
786,2024-01-29 22:34:38.192
787,2024-01-29 22:34:38.221
788,2024-01-29 22:34:38.246
789,2024-01-29 22:34:38.277
790,2024-01-29 22:34:38.341
791,2024-01-29 22:34:38.366
792,2024-01-29 22:34:38.394
793,2024-01-29 22:34:38.425
794,2024-01-29 22:34:38.451
795,2024-01-29 22:34:38.495
796,2024-01-29 22:34:38.523
797,2024-01-29 22:34:38.574
798,2024-01-29 22:34:38.610
799,2024-01-29 22:34:38.640
800,2024-01-29 22:34:38.680
801,2024-01-29 22:34:38.715
802,2024-01-29 22:34:38.751
803,2024-01-29 22:34:38.822
804,2024-01-29 22:34:38.860
805,2024-01-29 22:34:38.922
806,2024-01-29 22:34:38.962
807,2024-01-29 22:34:39.027
808,2024-01-29 22:34:39.062
809,2024-01-29 22:34:39.096
810,2024-01-29 22:34:39.133
811,2024-01-29 22:34:39.171
812,2024-01-29 22:34:39.232
813,2024-01-29 22:34:39.275
814,2024-01-29 22:34:39.324
815,2024-01-29 22:34:39.369
816,2024-01-29 22:34:39.428
817,2024-01-29 22:34:39.507
818,2024-01-29 22:34:39.595
819,2024-01-29 22:34:39.663
820,2024-01-29 22:34:39.735
821,2024-01-29 22:34:39.784
822,2024-01-29 22:34:39.833
823,2024-01-29 22:34:39.869
824,2024-01-29 22:34:39.926
825,2024-01-29 22:34:39.959
826,2024-01-29 22:34:40.002
827,2024-01-29 22:34:40.033
828,2024-01-29 22:34:40.062
829,2024-01-29 22:34:40.116
830,2024-01-29 22:34:40.141
831,2024-01-29 22:34:40.171
832,2024-01-29 22:34:40.196
833,2024-01-29 22:34:40.231
834,2024-01-29 22:34:40.264
835,2024-01-29 22:34:40.296
836,2024-01-29 22:34:40.348
837,2024-01-29 22:34:40.377
838,2024-01-29 22:34:40.411
839,2024-01-29 22:34:40.444
840,2024-01-29 22:34:40.485
841,2024-01-29 22:34:40.514
842,2024-01-29 22:34:40.566
843,2024-01-29 22:34:40.595
844,2024-01-29 22:34:40.642
845,2024-01-29 22:34:40.664
846,2024-01-29 22:34:40.707
847,2024-01-29 22:34:40.732
848,2024-01-29 22:34:40.777
849,2024-01-29 22:34:40.816
850,2024-01-29 22:34:40.845
851,2024-01-29 22:34:40.883
852,2024-01-29 22:34:40.910
853,2024-01-29 22:34:40.961
854,2024-01-29 22:34:40.984
855,2024-01-29 22:34:41.010
856,2024-01-29 22:34:41.054
857,2024-01-29 22:34:41.078
858,2024-01-29 22:34:41.118
859,2024-01-29 22:34:41.144
860,2024-01-29 22:34:41.183
861,2024-01-29 22:34:41.226
862,2024-01-29 22:34:41.259
863,2024-01-29 22:34:41.294
864,2024-01-29 22:34:41.319
865,2024-01-29 22:34:41.374
866,2024-01-29 22:34:41.398
867,2024-01-29 22:34:41.425
868,2024-01-29 22:34:41.450
869,2024-01-29 22:34:41.496
870,2024-01-29 22:34:41.518
871,2024-01-29 22:34:41.574
872,2024-01-29 22:34:41.599
873,2024-01-29 22:34:41.631
874,2024-01-29 22:34:41.661
875,2024-01-29 22:34:41.694
876,2024-01-29 22:34:41.726
877,2024-01-29 22:34:41.756
878,2024-01-29 22:34:41.811
879,2024-01-29 22:34:41.841
880,2024-01-29 22:34:41.875
881,2024-01-29 22:34:41.911
882,2024-01-29 22:34:41.945
883,2024-01-29 22:34:41.978
884,2024-01-29 22:34:42.053
885,2024-01-29 22:34:42.092
886,2024-01-29 22:34:42.130
887,2024-01-29 22:34:42.164
888,2024-01-29 22:34:42.224
889,2024-01-29 22:34:42.254
890,2024-01-29 22:34:42.294
891,2024-01-29 22:34:42.327
892,2024-01-29 22:34:42.357
893,2024-01-29 22:34:42.392
894,2024-01-29 22:34:42.422
895,2024-01-29 22:34:42.481
896,2024-01-29 22:34:42.509
897,2024-01-29 22:34:42.544
898,2024-01-29 22:34:42.574
899,2024-01-29 22:34:42.602
900,2024-01-29 22:34:42.631
901,2024-01-29 22:34:42.679
902,2024-01-29 22:34:42.724
903,2024-01-29 22:34:42.751
904,2024-01-29 22:34:42.781
905,2024-01-29 22:34:42.825
906,2024-01-29 22:34:42.848
907,2024-01-29 22:34:42.903
908,2024-01-29 22:34:42.933
909,2024-01-29 22:34:42.980
910,2024-01-29 22:34:43.010
911,2024-01-29 22:34:43.037
912,2024-01-29 22:34:43.067
913,2024-01-29 22:34:43.115
914,2024-01-29 22:34:43.161
915,2024-01-29 22:34:43.188
916,2024-01-29 22:34:43.216
917,2024-01-29 22:34:43.247
918,2024-01-29 22:34:43.310
919,2024-01-29 22:34:43.334
920,2024-01-29 22:34:43.364
921,2024-01-29 22:34:43.393
922,2024-01-29 22:34:43.419
923,2024-01-29 22:34:43.449
924,2024-01-29 22:34:43.483
925,2024-01-29 22:34:43.537
926,2024-01-29 22:34:43.583
927,2024-01-29 22:34:43.609
928,2024-01-29 22:34:43.652
929,2024-01-29 22:34:43.679
930,2024-01-29 22:34:43.734
931,2024-01-29 22:34:43.761
932,2024-01-29 22:34:43.793
933,2024-01-29 22:34:43.819
934,2024-01-29 22:34:43.848
935,2024-01-29 22:34:43.873
936,2024-01-29 22:34:43.942
937,2024-01-29 22:34:43.968
938,2024-01-29 22:34:43.997
939,2024-01-29 22:34:44.029
940,2024-01-29 22:34:44.061
941,2024-01-29 22:34:44.087
942,2024-01-29 22:34:44.115
943,2024-01-29 22:34:44.163
944,2024-01-29 22:34:44.202
945,2024-01-29 22:34:44.230
946,2024-01-29 22:34:44.263
947,2024-01-29 22:34:44.294
948,2024-01-29 22:34:44.354
949,2024-01-29 22:34:44.388
950,2024-01-29 22:34:44.423
951,2024-01-29 22:34:44.460
952,2024-01-29 22:34:44.510
953,2024-01-29 22:34:44.545
954,2024-01-29 22:34:44.596
955,2024-01-29 22:34:44.624
956,2024-01-29 22:34:44.690
957,2024-01-29 22:34:44.734
958,2024-01-29 22:34:44.769
959,2024-01-29 22:34:44.820
960,2024-01-29 22:34:44.847
961,2024-01-29 22:34:44.874
962,2024-01-29 22:34:44.901
963,2024-01-29 22:34:44.935
964,2024-01-29 22:34:44.996
965,2024-01-29 22:34:45.020
966,2024-01-29 22:34:45.050
967,2024-01-29 22:34:45.080
968,2024-01-29 22:34:45.110
969,2024-01-29 22:34:45.135
970,2024-01-29 22:34:45.166
971,2024-01-29 22:34:45.225
972,2024-01-29 22:34:45.253
973,2024-01-29 22:34:45.282
974,2024-01-29 22:34:45.306
975,2024-01-29 22:34:45.333
976,2024-01-29 22:34:45.376
977,2024-01-29 22:34:45.402
978,2024-01-29 22:34:45.451
979,2024-01-29 22:34:45.487
980,2024-01-29 22:34:45.516
981,2024-01-29 22:34:45.565
982,2024-01-29 22:34:45.591
983,2024-01-29 22:34:45.618
984,2024-01-29 22:34:45.664
985,2024-01-29 22:34:45.702
986,2024-01-29 22:34:45.739
987,2024-01-29 22:34:45.784
988,2024-01-29 22:34:45.820
989,2024-01-29 22:34:45.870
990,2024-01-29 22:34:45.908
991,2024-01-29 22:34:45.933
992,2024-01-29 22:34:45.978
993,2024-01-29 22:34:46.003
994,2024-01-29 22:34:46.051
995,2024-01-29 22:34:46.073
996,2024-01-29 22:34:46.099
997,2024-01-29 22:34:46.142
998,2024-01-29 22:34:46.165
999,2024-01-29 22:34:46.205
1000,2024-01-29 22:34:46.252
1001,2024-01-29 22:34:46.275
1002,2024-01-29 22:34:46.298
1003,2024-01-29 22:34:46.343
1004,2024-01-29 22:34:46.365
1005,2024-01-29 22:34:46.406
1006,2024-01-29 22:34:46.433
1007,2024-01-29 22:34:46.474
1008,2024-01-29 22:34:46.517
1009,2024-01-29 22:34:46.548
1010,2024-01-29 22:34:46.583
1011,2024-01-29 22:34:46.615
1012,2024-01-29 22:34:46.663
1013,2024-01-29 22:34:46.687
1014,2024-01-29 22:34:46.709
1015,2024-01-29 22:34:46.749
1016,2024-01-29 22:34:46.784
1017,2024-01-29 22:34:46.806
1018,2024-01-29 22:34:46.868
1019,2024-01-29 22:34:46.891
1020,2024-01-29 22:34:46.916
1021,2024-01-29 22:34:46.940
1022,2024-01-29 22:34:46.986
1023,2024-01-29 22:34:47.009
1024,2024-01-29 22:34:47.070
1025,2024-01-29 22:34:47.093
1026,2024-01-29 22:34:47.116
1027,2024-01-29 22:34:47.153
1028,2024-01-29 22:34:47.175
1029,2024-01-29 22:34:47.221
1030,2024-01-29 22:34:47.243
1031,2024-01-29 22:34:47.293
1032,2024-01-29 22:34:47.318
1033,2024-01-29 22:34:47.349
1034,2024-01-29 22:34:47.373
1035,2024-01-29 22:34:47.418
1036,2024-01-29 22:34:47.443
1037,2024-01-29 22:34:47.498
1038,2024-01-29 22:34:47.522
1039,2024-01-29 22:34:47.549
1040,2024-01-29 22:34:47.586
1041,2024-01-29 22:34:47.606
1042,2024-01-29 22:34:47.653
1043,2024-01-29 22:34:47.675
1044,2024-01-29 22:34:47.721
1045,2024-01-29 22:34:47.766
1046,2024-01-29 22:34:47.789
1047,2024-01-29 22:34:47.832
1048,2024-01-29 22:34:47.855
1049,2024-01-29 22:34:47.909
1050,2024-01-29 22:34:47.935
1051,2024-01-29 22:34:47.960
1052,2024-01-29 22:34:47.986
1053,2024-01-29 22:34:48.031
1054,2024-01-29 22:34:48.057
1055,2024-01-29 22:34:48.085
1056,2024-01-29 22:34:48.132
1057,2024-01-29 22:34:48.173
1058,2024-01-29 22:34:48.208
1059,2024-01-29 22:34:48.235
1060,2024-01-29 22:34:48.265
1061,2024-01-29 22:34:48.321
1062,2024-01-29 22:34:48.344
1063,2024-01-29 22:34:48.372
1064,2024-01-29 22:34:48.402
1065,2024-01-29 22:34:48.441
1066,2024-01-29 22:34:48.468
1067,2024-01-29 22:34:48.531
1068,2024-01-29 22:34:48.553
1069,2024-01-29 22:34:48.583
1070,2024-01-29 22:34:48.610
1071,2024-01-29 22:34:48.636
1072,2024-01-29 22:34:48.675
1073,2024-01-29 22:34:48.725
1074,2024-01-29 22:34:48.755
1075,2024-01-29 22:34:48.785
1076,2024-01-29 22:34:48.809
1077,2024-01-29 22:34:48.838
1078,2024-01-29 22:34:48.877
1079,2024-01-29 22:34:48.905
1080,2024-01-29 22:34:48.952
1081,2024-01-29 22:34:48.982
1082,2024-01-29 22:34:49.028
1083,2024-01-29 22:34:49.055
1084,2024-01-29 22:34:49.083
1085,2024-01-29 22:34:49.138
1086,2024-01-29 22:34:49.166
1087,2024-01-29 22:34:49.193
1088,2024-01-29 22:34:49.222
1089,2024-01-29 22:34:49.255
1090,2024-01-29 22:34:49.295
1091,2024-01-29 22:34:49.321
1092,2024-01-29 22:34:49.367
1093,2024-01-29 22:34:49.408
1094,2024-01-29 22:34:49.434
1095,2024-01-29 22:34:49.468
1096,2024-01-29 22:34:49.502
1097,2024-01-29 22:34:49.529
1098,2024-01-29 22:34:49.582
1099,2024-01-29 22:34:49.621
1100,2024-01-29 22:34:49.656
1101,2024-01-29 22:34:49.686
1102,2024-01-29 22:34:49.713
1103,2024-01-29 22:34:49.774
1104,2024-01-29 22:34:49.803
1105,2024-01-29 22:34:49.830
1106,2024-01-29 22:34:49.857
1107,2024-01-29 22:34:49.886
1108,2024-01-29 22:34:49.924
1109,2024-01-29 22:34:49.951
1110,2024-01-29 22:34:49.995
1111,2024-01-29 22:34:50.042
1112,2024-01-29 22:34:50.068
1113,2024-01-29 22:34:50.094
1114,2024-01-29 22:34:50.140
1115,2024-01-29 22:34:50.167
1116,2024-01-29 22:34:50.219
1117,2024-01-29 22:34:50.260
1118,2024-01-29 22:34:50.285
1119,2024-01-29 22:34:50.329
1120,2024-01-29 22:34:50.354
1121,2024-01-29 22:34:50.409
1122,2024-01-29 22:34:50.433
1123,2024-01-29 22:34:50.457
1124,2024-01-29 22:34:50.485
1125,2024-01-29 22:34:50.529
1126,2024-01-29 22:34:50.560
1127,2024-01-29 22:34:50.587
1128,2024-01-29 22:34:50.634
1129,2024-01-29 22:34:50.675
1130,2024-01-29 22:34:50.702
1131,2024-01-29 22:34:50.745
1132,2024-01-29 22:34:50.773
1133,2024-01-29 22:34:50.800
1134,2024-01-29 22:34:50.847
1135,2024-01-29 22:34:50.890
1136,2024-01-29 22:34:50.918
1137,2024-01-29 22:34:50.945
1138,2024-01-29 22:34:51.005
1139,2024-01-29 22:34:51.040
1140,2024-01-29 22:34:51.094
1141,2024-01-29 22:34:51.122
1142,2024-01-29 22:34:51.164
1143,2024-01-29 22:34:51.189
1144,2024-01-29 22:34:51.229
1145,2024-01-29 22:34:51.255
1146,2024-01-29 22:34:51.308
1147,2024-01-29 22:34:51.353
1148,2024-01-29 22:34:51.374
1149,2024-01-29 22:34:51.420
1150,2024-01-29 22:34:51.449
1151,2024-01-29 22:34:51.495
1152,2024-01-29 22:34:51.519
1153,2024-01-29 22:34:51.541
1154,2024-01-29 22:34:51.591
1155,2024-01-29 22:34:51.613
1156,2024-01-29 22:34:51.656
1157,2024-01-29 22:34:51.678
1158,2024-01-29 22:34:51.720
1159,2024-01-29 22:34:51.757
1160,2024-01-29 22:34:51.789
1161,2024-01-29 22:34:51.826
1162,2024-01-29 22:34:51.856
1163,2024-01-29 22:34:51.904
1164,2024-01-29 22:34:51.925
1165,2024-01-29 22:34:51.956
1166,2024-01-29 22:34:51.993
1167,2024-01-29 22:34:52.020
1168,2024-01-29 22:34:52.061
1169,2024-01-29 22:34:52.086
1170,2024-01-29 22:34:52.130
1171,2024-01-29 22:34:52.176
1172,2024-01-29 22:34:52.197
1173,2024-01-29 22:34:52.242
1174,2024-01-29 22:34:52.265
1175,2024-01-29 22:34:52.315
1176,2024-01-29 22:34:52.338
1177,2024-01-29 22:34:52.375
1178,2024-01-29 22:34:52.397
1179,2024-01-29 22:34:52.441
1180,2024-01-29 22:34:52.464
1181,2024-01-29 22:34:52.519
1182,2024-01-29 22:34:52.541
1183,2024-01-29 22:34:52.570
1184,2024-01-29 22:34:52.608
1185,2024-01-29 22:34:52.632
1186,2024-01-29 22:34:52.671
1187,2024-01-29 22:34:52.726
1188,2024-01-29 22:34:52.749
1189,2024-01-29 22:34:52.774
1190,2024-01-29 22:34:52.797
1191,2024-01-29 22:34:52.840
1192,2024-01-29 22:34:52.879
1193,2024-01-29 22:34:52.900
1194,2024-01-29 22:34:52.946
1195,2024-01-29 22:34:52.990
1196,2024-01-29 22:34:53.011
1197,2024-01-29 22:34:53.058
1198,2024-01-29 22:34:53.082
1199,2024-01-29 22:34:53.133
1200,2024-01-29 22:34:53.158
1201,2024-01-29 22:34:53.183
1202,2024-01-29 22:34:53.223
1203,2024-01-29 22:34:53.253
1204,2024-01-29 22:34:53.285
1205,2024-01-29 22:34:53.314
1206,2024-01-29 22:34:53.359
1207,2024-01-29 22:34:53.405
1208,2024-01-29 22:34:53.427
1209,2024-01-29 22:34:53.459
1210,2024-01-29 22:34:53.489
1211,2024-01-29 22:34:53.545
1212,2024-01-29 22:34:53.572
1213,2024-01-29 22:34:53.595
1214,2024-01-29 22:34:53.635
1215,2024-01-29 22:34:53.658
1216,2024-01-29 22:34:53.700
1217,2024-01-29 22:34:53.724
1218,2024-01-29 22:34:53.767
1219,2024-01-29 22:34:53.809
1220,2024-01-29 22:34:53.840
1221,2024-01-29 22:34:53.876
1222,2024-01-29 22:34:53.907
1223,2024-01-29 22:34:53.956
1224,2024-01-29 22:34:53.976
1225,2024-01-29 22:34:54.000
1226,2024-01-29 22:34:54.045
1227,2024-01-29 22:34:54.080
1228,2024-01-29 22:34:54.107
1229,2024-01-29 22:34:54.133
1230,2024-01-29 22:34:54.178
1231,2024-01-29 22:34:54.226
1232,2024-01-29 22:34:54.256
1233,2024-01-29 22:34:54.291
1234,2024-01-29 22:34:54.313
1235,2024-01-29 22:34:54.364
1236,2024-01-29 22:34:54.387
1237,2024-01-29 22:34:54.424
1238,2024-01-29 22:34:54.461
1239,2024-01-29 22:34:54.483
1240,2024-01-29 22:34:54.522
1241,2024-01-29 22:34:54.566
1242,2024-01-29 22:34:54.589
1243,2024-01-29 22:34:54.626
1244,2024-01-29 22:34:54.652
1245,2024-01-29 22:34:54.689
1246,2024-01-29 22:34:54.714
1247,2024-01-29 22:34:54.778
1248,2024-01-29 22:34:54.800
1249,2024-01-29 22:34:54.825
1250,2024-01-29 22:34:54.848
1251,2024-01-29 22:34:54.892
1252,2024-01-29 22:34:54.916
1253,2024-01-29 22:34:54.972
1254,2024-01-29 22:34:54.994
1255,2024-01-29 22:34:55.020
1256,2024-01-29 22:34:55.058
1257,2024-01-29 22:34:55.094
1258,2024-01-29 22:34:55.122
1259,2024-01-29 22:34:55.182
1260,2024-01-29 22:34:55.204
1261,2024-01-29 22:34:55.227
1262,2024-01-29 22:34:55.255
1263,2024-01-29 22:34:55.291
1264,2024-01-29 22:34:55.327
1265,2024-01-29 22:34:55.349
1266,2024-01-29 22:34:55.405
1267,2024-01-29 22:34:55.428
1268,2024-01-29 22:34:55.453
1269,2024-01-29 22:34:55.490
1270,2024-01-29 22:34:55.525
1271,2024-01-29 22:34:55.547
1272,2024-01-29 22:34:55.604
1273,2024-01-29 22:34:55.626
1274,2024-01-29 22:34:55.649
1275,2024-01-29 22:34:55.690
1276,2024-01-29 22:34:55.726
1277,2024-01-29 22:34:55.748
1278,2024-01-29 22:34:55.809
1279,2024-01-29 22:34:55.831
1280,2024-01-29 22:34:55.854
1281,2024-01-29 22:34:55.893
1282,2024-01-29 22:34:55.915
1283,2024-01-29 22:34:55.961
1284,2024-01-29 22:34:55.984
1285,2024-01-29 22:34:56.027
1286,2024-01-29 22:34:56.066
1287,2024-01-29 22:34:56.097
1288,2024-01-29 22:34:56.134
1289,2024-01-29 22:34:56.160
1290,2024-01-29 22:34:56.213
1291,2024-01-29 22:34:56.235
1292,2024-01-29 22:34:56.260
1293,2024-01-29 22:34:56.305
1294,2024-01-29 22:34:56.326
1295,2024-01-29 22:34:56.368
1296,2024-01-29 22:34:56.392
1297,2024-01-29 22:34:56.441
1298,2024-01-29 22:34:56.486
1299,2024-01-29 22:34:56.509
1300,2024-01-29 22:34:56.549
1301,2024-01-29 22:34:56.584
1302,2024-01-29 22:34:56.608
1303,2024-01-29 22:34:56.654
1304,2024-01-29 22:34:56.696
1305,2024-01-29 22:34:56.725
1306,2024-01-29 22:34:56.765
1307,2024-01-29 22:34:56.789
1308,2024-01-29 22:34:56.836
1309,2024-01-29 22:34:56.860
1310,2024-01-29 22:34:56.896
1311,2024-01-29 22:34:56.927
1312,2024-01-29 22:34:56.961
1313,2024-01-29 22:34:56.996
1314,2024-01-29 22:34:57.047
1315,2024-01-29 22:34:57.069
1316,2024-01-29 22:34:57.092
1317,2024-01-29 22:34:57.129
1318,2024-01-29 22:34:57.162
1319,2024-01-29 22:34:57.194
1320,2024-01-29 22:34:57.251
1321,2024-01-29 22:34:57.274
1322,2024-01-29 22:34:57.297
1323,2024-01-29 22:34:57.328
1324,2024-01-29 22:34:57.360
1325,2024-01-29 22:34:57.397
1326,2024-01-29 22:34:57.429
1327,2024-01-29 22:34:57.475
1328,2024-01-29 22:34:57.512
1329,2024-01-29 22:34:57.534
1330,2024-01-29 22:34:57.575
1331,2024-01-29 22:34:57.600
1332,2024-01-29 22:34:57.658
1333,2024-01-29 22:34:57.678
1334,2024-01-29 22:34:57.703
1335,2024-01-29 22:34:57.743
1336,2024-01-29 22:34:57.775
1337,2024-01-29 22:34:57.810
1338,2024-01-29 22:34:57.869
1339,2024-01-29 22:34:57.893
1340,2024-01-29 22:34:57.913
1341,2024-01-29 22:34:57.935
1342,2024-01-29 22:34:57.979
1343,2024-01-29 22:34:58.014
1344,2024-01-29 22:34:58.037
1345,2024-01-29 22:34:58.086
1346,2024-01-29 22:34:58.112
1347,2024-01-29 22:34:58.135
1348,2024-01-29 22:34:58.181
1349,2024-01-29 22:34:58.208
1350,2024-01-29 22:34:58.247
1351,2024-01-29 22:34:58.270
1352,2024-01-29 22:34:58.313
1353,2024-01-29 22:34:58.354
1354,2024-01-29 22:34:58.391
1355,2024-01-29 22:34:58.416
1356,2024-01-29 22:34:58.460
1357,2024-01-29 22:34:58.481
1358,2024-01-29 22:34:58.526
1359,2024-01-29 22:34:58.567
1360,2024-01-29 22:34:58.592
1361,2024-01-29 22:34:58.631
1362,2024-01-29 22:34:58.663
1363,2024-01-29 22:34:58.714
1364,2024-01-29 22:34:58.736
1365,2024-01-29 22:34:58.761
1366,2024-01-29 22:34:58.798
1367,2024-01-29 22:34:58.829
1368,2024-01-29 22:34:58.867
1369,2024-01-29 22:34:58.917
1370,2024-01-29 22:34:58.942
1371,2024-01-29 22:34:58.964
1372,2024-01-29 22:34:59.003
1373,2024-01-29 22:34:59.025
1374,2024-01-29 22:34:59.065
1375,2024-01-29 22:34:59.121
1376,2024-01-29 22:34:59.144
1377,2024-01-29 22:34:59.168
1378,2024-01-29 22:34:59.194
1379,2024-01-29 22:34:59.230
1380,2024-01-29 22:34:59.266
1381,2024-01-29 22:34:59.297
1382,2024-01-29 22:34:59.342
1383,2024-01-29 22:34:59.377
1384,2024-01-29 22:34:59.414
1385,2024-01-29 22:34:59.437
1386,2024-01-29 22:34:59.482
1387,2024-01-29 22:34:59.504
1388,2024-01-29 22:34:59.553
1389,2024-01-29 22:34:59.593
1390,2024-01-29 22:34:59.629
1391,2024-01-29 22:34:59.652
1392,2024-01-29 22:34:59.697
1393,2024-01-29 22:34:59.720
1394,2024-01-29 22:34:59.767
1395,2024-01-29 22:34:59.812
1396,2024-01-29 22:34:59.833
1397,2024-01-29 22:34:59.878
1398,2024-01-29 22:34:59.900
1399,2024-01-29 22:34:59.951
1400,2024-01-29 22:34:59.973
1401,2024-01-29 22:35:00.017
1402,2024-01-29 22:35:00.039
1403,2024-01-29 22:35:00.065
1404,2024-01-29 22:35:00.107
1405,2024-01-29 22:35:00.163
1406,2024-01-29 22:35:00.183
1407,2024-01-29 22:35:00.210
1408,2024-01-29 22:35:00.241
1409,2024-01-29 22:35:00.269
1410,2024-01-29 22:35:00.296
1411,2024-01-29 22:35:00.360
1412,2024-01-29 22:35:00.383
1413,2024-01-29 22:35:00.409
1414,2024-01-29 22:35:00.435
1415,2024-01-29 22:35:00.478
1416,2024-01-29 22:35:00.501
1417,2024-01-29 22:35:00.529
1418,2024-01-29 22:35:00.587
1419,2024-01-29 22:35:00.610
1420,2024-01-29 22:35:00.637
1421,2024-01-29 22:35:00.668
1422,2024-01-29 22:35:00.711
1423,2024-01-29 22:35:00.734
1424,2024-01-29 22:35:00.793
1425,2024-01-29 22:35:00.817
1426,2024-01-29 22:35:00.845
1427,2024-01-29 22:35:00.872
1428,2024-01-29 22:35:00.900
1429,2024-01-29 22:35:00.934
1430,2024-01-29 22:35:00.999
1431,2024-01-29 22:35:01.024
1432,2024-01-29 22:35:01.051
1433,2024-01-29 22:35:01.079
1434,2024-01-29 22:35:01.102
1435,2024-01-29 22:35:01.144
1436,2024-01-29 22:35:01.171
1437,2024-01-29 22:35:01.222
1438,2024-01-29 22:35:01.268
1439,2024-01-29 22:35:01.294
1440,2024-01-29 22:35:01.322
1441,2024-01-29 22:35:01.351
1442,2024-01-29 22:35:01.422
1443,2024-01-29 22:35:01.447
1444,2024-01-29 22:35:01.475
1445,2024-01-29 22:35:01.500
1446,2024-01-29 22:35:01.530
1447,2024-01-29 22:35:01.571
1448,2024-01-29 22:35:01.599
1449,2024-01-29 22:35:01.663
1450,2024-01-29 22:35:01.713
1451,2024-01-29 22:35:01.746
1452,2024-01-29 22:35:01.778
1453,2024-01-29 22:35:01.805
1454,2024-01-29 22:35:01.862
1455,2024-01-29 22:35:01.910
1456,2024-01-29 22:35:01.935
1457,2024-01-29 22:35:01.964
1458,2024-01-29 22:35:02.007
1459,2024-01-29 22:35:02.057
1460,2024-01-29 22:35:02.084
1461,2024-01-29 22:35:02.115
1462,2024-01-29 22:35:02.149
1463,2024-01-29 22:35:02.191
1464,2024-01-29 22:35:02.218
1465,2024-01-29 22:35:02.267
1466,2024-01-29 22:35:02.307
1467,2024-01-29 22:35:02.333
1468,2024-01-29 22:35:02.363
1469,2024-01-29 22:35:02.395
1470,2024-01-29 22:35:02.459
1471,2024-01-29 22:35:02.485
1472,2024-01-29 22:35:02.514
1473,2024-01-29 22:35:02.539
1474,2024-01-29 22:35:02.568
1475,2024-01-29 22:35:02.614
1476,2024-01-29 22:35:02.643
1477,2024-01-29 22:35:02.702
1478,2024-01-29 22:35:02.731
1479,2024-01-29 22:35:02.764
1480,2024-01-29 22:35:02.800
1481,2024-01-29 22:35:02.835
1482,2024-01-29 22:35:02.906
1483,2024-01-29 22:35:02.938
1484,2024-01-29 22:35:02.966
1485,2024-01-29 22:35:02.997
1486,2024-01-29 22:35:03.032
1487,2024-01-29 22:35:03.068
1488,2024-01-29 22:35:03.138
1489,2024-01-29 22:35:03.169
1490,2024-01-29 22:35:03.203
1491,2024-01-29 22:35:03.235
1492,2024-01-29 22:35:03.270
1493,2024-01-29 22:35:03.338
1494,2024-01-29 22:35:03.368
1495,2024-01-29 22:35:03.400
1496,2024-01-29 22:35:03.435
1497,2024-01-29 22:35:03.467
1498,2024-01-29 22:35:03.503
1499,2024-01-29 22:35:03.573
1500,2024-01-29 22:35:03.606
1501,2024-01-29 22:35:03.642
1502,2024-01-29 22:35:03.681
1503,2024-01-29 22:35:03.716
1504,2024-01-29 22:35:03.792
1505,2024-01-29 22:35:03.824
1506,2024-01-29 22:35:03.858
1507,2024-01-29 22:35:03.890
1508,2024-01-29 22:35:03.924
1509,2024-01-29 22:35:03.989
1510,2024-01-29 22:35:04.018
1511,2024-01-29 22:35:04.069
1512,2024-01-29 22:35:04.100
1513,2024-01-29 22:35:04.134
1514,2024-01-29 22:35:04.198
1515,2024-01-29 22:35:04.223
1516,2024-01-29 22:35:04.252
1517,2024-01-29 22:35:04.299
1518,2024-01-29 22:35:04.323
1519,2024-01-29 22:35:04.384
1520,2024-01-29 22:35:04.410
1521,2024-01-29 22:35:04.436
1522,2024-01-29 22:35:04.464
1523,2024-01-29 22:35:04.490
1524,2024-01-29 22:35:04.521
1525,2024-01-29 22:35:04.593
1526,2024-01-29 22:35:04.619
1527,2024-01-29 22:35:04.646
1528,2024-01-29 22:35:04.673
1529,2024-01-29 22:35:04.702
1530,2024-01-29 22:35:04.726
1531,2024-01-29 22:35:04.754
1532,2024-01-29 22:35:04.816
1533,2024-01-29 22:35:04.841
1534,2024-01-29 22:35:04.870
1535,2024-01-29 22:35:04.902
1536,2024-01-29 22:35:04.934
1537,2024-01-29 22:35:04.960
1538,2024-01-29 22:35:05.026
1539,2024-01-29 22:35:05.054
1540,2024-01-29 22:35:05.078
1541,2024-01-29 22:35:05.105
1542,2024-01-29 22:35:05.133
1543,2024-01-29 22:35:05.175
1544,2024-01-29 22:35:05.202
1545,2024-01-29 22:35:05.257
1546,2024-01-29 22:35:05.293
1547,2024-01-29 22:35:05.321
1548,2024-01-29 22:35:05.352
1549,2024-01-29 22:35:05.385
1550,2024-01-29 22:35:05.456
1551,2024-01-29 22:35:05.488
1552,2024-01-29 22:35:05.520
1553,2024-01-29 22:35:05.552
1554,2024-01-29 22:35:05.585
1555,2024-01-29 22:35:05.614
1556,2024-01-29 22:35:05.639
1557,2024-01-29 22:35:05.692
1558,2024-01-29 22:35:05.727
1559,2024-01-29 22:35:05.756
1560,2024-01-29 22:35:05.784
1561,2024-01-29 22:35:05.823
1562,2024-01-29 22:35:05.876
1563,2024-01-29 22:35:05.902
1564,2024-01-29 22:35:05.925
1565,2024-01-29 22:35:05.955
1566,2024-01-29 22:35:05.990
1567,2024-01-29 22:35:06.023
1568,2024-01-29 22:35:06.052
1569,2024-01-29 22:35:06.103
1570,2024-01-29 22:35:06.150
1571,2024-01-29 22:35:06.171
1572,2024-01-29 22:35:06.216
1573,2024-01-29 22:35:06.237
1574,2024-01-29 22:35:06.292
1575,2024-01-29 22:35:06.315
1576,2024-01-29 22:35:06.337
1577,2024-01-29 22:35:06.382
1578,2024-01-29 22:35:06.405
1579,2024-01-29 22:35:06.449
1580,2024-01-29 22:35:06.471
1581,2024-01-29 22:35:06.517
1582,2024-01-29 22:35:06.563
1583,2024-01-29 22:35:06.586
1584,2024-01-29 22:35:06.626
1585,2024-01-29 22:35:06.656
1586,2024-01-29 22:35:06.707
1587,2024-01-29 22:35:06.728
1588,2024-01-29 22:35:06.754
1589,2024-01-29 22:35:06.788
1590,2024-01-29 22:35:06.827
1591,2024-01-29 22:35:06.852
1592,2024-01-29 22:35:06.916
1593,2024-01-29 22:35:06.946
1594,2024-01-29 22:35:06.974
1595,2024-01-29 22:35:07.003
1596,2024-01-29 22:35:07.028
1597,2024-01-29 22:35:07.058
1598,2024-01-29 22:35:07.088
1599,2024-01-29 22:35:07.141
1600,2024-01-29 22:35:07.180
1601,2024-01-29 22:35:07.207
1602,2024-01-29 22:35:07.246
1603,2024-01-29 22:35:07.273
1604,2024-01-29 22:35:07.334
1605,2024-01-29 22:35:07.361
1606,2024-01-29 22:35:07.392
1607,2024-01-29 22:35:07.422
1608,2024-01-29 22:35:07.449
1609,2024-01-29 22:35:07.475
1610,2024-01-29 22:35:07.507
1611,2024-01-29 22:35:07.563
1612,2024-01-29 22:35:07.606
1613,2024-01-29 22:35:07.630
1614,2024-01-29 22:35:07.672
1615,2024-01-29 22:35:07.704
1616,2024-01-29 22:35:07.768
1617,2024-01-29 22:35:07.792
1618,2024-01-29 22:35:07.820
1619,2024-01-29 22:35:07.843
1620,2024-01-29 22:35:07.869
1621,2024-01-29 22:35:07.908
1622,2024-01-29 22:35:07.967
1623,2024-01-29 22:35:07.989
1624,2024-01-29 22:35:08.018
1625,2024-01-29 22:35:08.040
1626,2024-01-29 22:35:08.080
1627,2024-01-29 22:35:08.104
1628,2024-01-29 22:35:08.171
1629,2024-01-29 22:35:08.192
1630,2024-01-29 22:35:08.216
1631,2024-01-29 22:35:08.239
1632,2024-01-29 22:35:08.280
1633,2024-01-29 22:35:08.305
1634,2024-01-29 22:35:08.345
1635,2024-01-29 22:35:08.408
1636,2024-01-29 22:35:08.436
1637,2024-01-29 22:35:08.462
1638,2024-01-29 22:35:08.509
1639,2024-01-29 22:35:08.541
1640,2024-01-29 22:35:08.596
1641,2024-01-29 22:35:08.621
1642,2024-01-29 22:35:08.644
1643,2024-01-29 22:35:08.669
1644,2024-01-29 22:35:08.707
1645,2024-01-29 22:35:08.731
1646,2024-01-29 22:35:08.797
1647,2024-01-29 22:35:08.820
1648,2024-01-29 22:35:08.845
1649,2024-01-29 22:35:08.871
1650,2024-01-29 22:35:08.910
1651,2024-01-29 22:35:08.956
1652,2024-01-29 22:35:08.982
1653,2024-01-29 22:35:09.030
1654,2024-01-29 22:35:09.072
1655,2024-01-29 22:35:09.094
1656,2024-01-29 22:35:09.139
1657,2024-01-29 22:35:09.170
1658,2024-01-29 22:35:09.224
1659,2024-01-29 22:35:09.244
1660,2024-01-29 22:35:09.270
1661,2024-01-29 22:35:09.295
1662,2024-01-29 22:35:09.340
1663,2024-01-29 22:35:09.362
1664,2024-01-29 22:35:09.425
1665,2024-01-29 22:35:09.447
1666,2024-01-29 22:35:09.473
1667,2024-01-29 22:35:09.495
1668,2024-01-29 22:35:09.539
1669,2024-01-29 22:35:09.567
1670,2024-01-29 22:35:09.628
1671,2024-01-29 22:35:09.653
1672,2024-01-29 22:35:09.676
1673,2024-01-29 22:35:09.702
1674,2024-01-29 22:35:09.739
1675,2024-01-29 22:35:09.762
1676,2024-01-29 22:35:09.831
1677,2024-01-29 22:35:09.854
1678,2024-01-29 22:35:09.876
1679,2024-01-29 22:35:09.899
1680,2024-01-29 22:35:09.939
1681,2024-01-29 22:35:09.974
1682,2024-01-29 22:35:09.997
1683,2024-01-29 22:35:10.057
1684,2024-01-29 22:35:10.080
1685,2024-01-29 22:35:10.105
1686,2024-01-29 22:35:10.128
1687,2024-01-29 22:35:10.176
1688,2024-01-29 22:35:10.200
1689,2024-01-29 22:35:10.226
1690,2024-01-29 22:35:10.280
1691,2024-01-29 22:35:10.329
1692,2024-01-29 22:35:10.355
1693,2024-01-29 22:35:10.390
1694,2024-01-29 22:35:10.416
1695,2024-01-29 22:35:10.487
1696,2024-01-29 22:35:10.514
1697,2024-01-29 22:35:10.542
1698,2024-01-29 22:35:10.575
1699,2024-01-29 22:35:10.605
1700,2024-01-29 22:35:10.632
1701,2024-01-29 22:35:10.662
1702,2024-01-29 22:35:10.723
1703,2024-01-29 22:35:10.752
1704,2024-01-29 22:35:10.802
1705,2024-01-29 22:35:10.827
1706,2024-01-29 22:35:10.855
1707,2024-01-29 22:35:10.883
1708,2024-01-29 22:35:10.943
1709,2024-01-29 22:35:10.991
1710,2024-01-29 22:35:11.016
1711,2024-01-29 22:35:11.060
1712,2024-01-29 22:35:11.088
1713,2024-01-29 22:35:11.150
1714,2024-01-29 22:35:11.191
1715,2024-01-29 22:35:11.217
1716,2024-01-29 22:35:11.243
1717,2024-01-29 22:35:11.275
1718,2024-01-29 22:35:11.342
1719,2024-01-29 22:35:11.371
1720,2024-01-29 22:35:11.397
1721,2024-01-29 22:35:11.426
1722,2024-01-29 22:35:11.451
1723,2024-01-29 22:35:11.494
1724,2024-01-29 22:35:11.521
1725,2024-01-29 22:35:11.584
1726,2024-01-29 22:35:11.626
1727,2024-01-29 22:35:11.655
1728,2024-01-29 22:35:11.682
1729,2024-01-29 22:35:11.782
1730,2024-01-29 22:35:11.831
1731,2024-01-29 22:35:11.877
1732,2024-01-29 22:35:11.966
1733,2024-01-29 22:35:12.035
1734,2024-01-29 22:35:12.067
1735,2024-01-29 22:35:12.096
1736,2024-01-29 22:35:12.128
1737,2024-01-29 22:35:12.160
1738,2024-01-29 22:35:12.189
1739,2024-01-29 22:35:12.258
1740,2024-01-29 22:35:12.282
1741,2024-01-29 22:35:12.312
1742,2024-01-29 22:35:12.344
1743,2024-01-29 22:35:12.374
1744,2024-01-29 22:35:12.408
1745,2024-01-29 22:35:12.474
1746,2024-01-29 22:35:12.517
1747,2024-01-29 22:35:12.543
1748,2024-01-29 22:35:12.573
1749,2024-01-29 22:35:12.650
1750,2024-01-29 22:35:12.677
1751,2024-01-29 22:35:12.710
1752,2024-01-29 22:35:12.796
1753,2024-01-29 22:35:12.829
1754,2024-01-29 22:35:12.898
1755,2024-01-29 22:35:12.925
1756,2024-01-29 22:35:12.952
1757,2024-01-29 22:35:12.977
1758,2024-01-29 22:35:13.012
1759,2024-01-29 22:35:13.041
1760,2024-01-29 22:35:13.099
1761,2024-01-29 22:35:13.145
1762,2024-01-29 22:35:13.173
1763,2024-01-29 22:35:13.200
1764,2024-01-29 22:35:13.249
1765,2024-01-29 22:35:13.309
1766,2024-01-29 22:35:13.332
1767,2024-01-29 22:35:13.362
1768,2024-01-29 22:35:13.408
1769,2024-01-29 22:35:13.432
1770,2024-01-29 22:35:13.460
1771,2024-01-29 22:35:13.517
1772,2024-01-29 22:35:13.562
1773,2024-01-29 22:35:13.588
1774,2024-01-29 22:35:13.617
1775,2024-01-29 22:35:13.665
1776,2024-01-29 22:35:13.719
1777,2024-01-29 22:35:13.744
1778,2024-01-29 22:35:13.775
1779,2024-01-29 22:35:13.806
1780,2024-01-29 22:35:13.855
1781,2024-01-29 22:35:13.881
1782,2024-01-29 22:35:13.943
1783,2024-01-29 22:35:13.979
1784,2024-01-29 22:35:14.009
1785,2024-01-29 22:35:14.044
1786,2024-01-29 22:35:14.088
1787,2024-01-29 22:35:14.121
1788,2024-01-29 22:35:14.193
1789,2024-01-29 22:35:14.230
1790,2024-01-29 22:35:14.261
1791,2024-01-29 22:35:14.294
1792,2024-01-29 22:35:14.330
1793,2024-01-29 22:35:14.401
1794,2024-01-29 22:35:14.443
1795,2024-01-29 22:35:14.469
1796,2024-01-29 22:35:14.528
1797,2024-01-29 22:35:14.561
